fecha,usdmxn_fix,returns_usd_mxn,returns,sma_5,volatility_5,rsi_5,momentum_5,sma_10,volatility_10,rsi_10,momentum_10,sma_20,volatility_20,rsi_20,momentum_20,mean_5,std_5,skew_5,kurt_5,mean_10,std_10,skew_10,kurt_10,mean_20,std_20,skew_20,kurt_20
2024-05-16,16.6893,,,,,,,,,,,,,,,,,,,,,,,,,,
2024-05-17,16.6217,-0.0040587249136483,-0.004058724913648346,,,,,,,,,,,,,,,,,,,,,,,,
2024-05-20,16.5668,-0.0033083779065057,-0.0033083779065057567,,,,,,,,,,,,,,,,,,,,,,,,
2024-05-21,16.6138,0.0028329826123905,0.002832982612390577,,,,,,,,,,,,,,,,,,,,,,,,
2024-05-22,16.6405,0.0016058077143362,0.001605807714336214,16.626420000000003,,37.56371049949016,,,,,,,,,,,,,,,,,,,,,
2024-05-23,16.6945,0.003239840842031,0.003239840842031057,16.62746,0.05527667983251389,51.03916866506836,1.000311576878599,,,,,,,,,6.230566972074918e-05,0.0034821035270993154,-0.5058107900207967,-3.0341254166278375,,,,,,,,
2024-05-24,16.7023,0.0004671106298701,0.0004671106298701884,16.643580000000004,0.041687222666475864,71.1659663865547,1.004849082825463,,,,,,,,,0.0009674727784244561,0.00262604819105881,-1.3762103038680886,1.8111453774141353,,,,,,,,
2024-05-27,16.6568,-0.0027278930316049,-0.0027278930316049855,16.661580000000004,0.037974558000427275,74.86187845303851,1.0054325518506892,,,,,,,,,0.0010835697534046101,0.0023921723003983045,-1.2200126308484187,1.246836199896728,,,,,,,,
2024-05-28,16.7457,0.0053229674370172,0.0053229674370172215,16.687959999999997,0.04799380930675554,79.58725886047523,1.0079391830887574,,,,,,,,,0.0015815667183299391,0.003023325807055534,-0.36917004877814985,0.22797052585548627,,,,,,,,
2024-05-29,16.95,0.0121263249305944,0.01212632493059442,16.749859999999998,0.0889599678194931,88.63920099875145,1.0185992007451699,16.68814,,71.84514831573661,,,,,,0.003685670161581581,0.0056039512259687535,0.7303917652133978,0.7230411260602144,,,,,,,,
2024-05-30,16.9377,-0.0007259271381736,-0.0007259271381736926,16.7985,0.09449501359865022,83.89074693422505,1.0145676719877803,16.712979999999998,0.07672869574285492,70.39408866995082,1.0148837878161456,,,,,0.0028925165655406303,0.005952626336135598,1.111130241528298,0.47098968644056666,0.0014774111176306898,0.004833453508522249,1.1156222943722085,1.6159271550441088,,,,
2024-05-31,17.0177,0.0047120721902324,0.004712072190232444,16.861579999999996,0.09241339340864882,86.58932714617166,1.018883626805889,16.752580000000002,0.07146114975280328,81.86353395558416,1.023824277901779,,,,,0.0037415088776130813,0.00582149658978239,0.49512530048488057,-0.2727042790921246,0.002354490828018769,0.004501629301158627,0.9499111999512954,1.5207289776165192,,,,
2024-06-03,17.6338,0.0355635359957888,0.03556353599578884,17.05698,0.2263301844495391,98.77196485623006,1.058654723596369,16.859280000000002,0.17566290659388195,95.11246406223573,1.0644059202742835,,,,,0.011399794683091847,0.014257461481925205,1.6968737559904177,3.069071087690259,0.006241682218248229,0.011065722986337616,2.4590781469673386,6.592749624716232,,,,
2024-06-04,17.8607,0.0127852535349956,0.012785253534995636,17.279980000000002,0.21981398365580979,98.92067392067395,1.0665842574511666,16.98397,0.17735190383767035,95.7577981651376,1.0750520651506579,,,,,0.01289225190268753,0.013846979415421172,1.3464138733981559,2.304103407896932,0.007236909310508734,0.011172119811864703,2.0863031606419633,4.944146228693725,,,,
2024-06-05,17.5592,-0.0170247393266931,-0.017024739326693124,17.40182,0.30652994059318145,74.62807244501941,1.0359410029498526,17.07584,0.21465213137947936,78.05533500274841,1.0552086776238696,,,,,0.007062039051230021,0.01930957124297526,0.5139296448819101,1.002669254572594,0.0053738546064058,0.013521813286192053,0.9048052977995761,2.8015404584937045,,,,
2024-06-06,17.5335,-0.0014646923488114,-0.0014646923488114746,17.52098,0.3077548533821572,73.82818749000157,1.0351759684018491,17.15974,0.21724523931854428,76.07209446861398,1.05025607235916,,,,,0.006914286009102465,0.019386733495769838,0.5374860130904859,0.9218314789941205,0.004903401287321548,0.013685163732132839,0.9849563358383651,2.6790369701351926,,,,
2024-06-07,18.2622,0.040720013103371,0.040720013103371096,17.76988,0.3873871753497201,82.76897150982143,1.0731297413869088,17.315730000000002,0.2793328426207946,83.47568565174466,1.0933943229375593,,,,,0.014115874191730193,0.024403098263598343,-0.1515867748797742,-1.9660294716216338,0.008928691534671638,0.017596315109223007,0.7623674239910377,0.25500195857470737,,,,
2024-06-10,18.3848,0.0066908864233903,0.00669088642339036,17.920080000000002,0.33772498648884364,76.71837199373834,1.0425886649502658,17.48853,0.27223910456005646,85.89530535936846,1.103741414917631,,,,,0.008341344277250497,0.021274674423384026,0.7253964679168581,1.291544267622702,0.009870569480171173,0.01714945161459094,0.6606480644090743,0.44273653518124284,,,,
2024-06-11,18.4457,0.003307044732108,0.003307044732108097,18.037079999999996,0.33656910939760293,73.60012909472314,1.0327534755076788,17.658530000000003,0.2733677520213208,85.72929802437996,1.1015185988044691,,,,,0.006445702516672991,0.021201861010774987,1.1720161421948643,2.4386526830014517,0.00966897720968026,0.017220549721742605,0.6912682137951898,0.41704595826156066,,,,
2024-06-12,18.7832,0.0181315723082434,0.01813157230824345,18.28188,0.2675902822673298,97.98494589932567,1.0697070481570914,17.84185,0.2765232472680448,86.48594857097362,1.1081533923303837,17.264995,,83.67589822766895,,0.013476964843660306,0.01685660333659361,1.35881841574467,1.5054777984699044,0.01026950194744516,0.017419327238077795,0.554070893849924,0.08162484245010557,,,,
2024-06-13,18.5385,-0.013113202585148,-0.013113202585148026,18.48288,0.316817420145339,83.6255353319057,1.0573188467790229,18.00193,0.29657933325293173,79.16271952197035,1.0945110611240014,17.357454999999998,0.21962965204416038,77.57037213740455,1.1108015315201956,0.011147262796392995,0.019957621540895996,0.5951322866602641,0.8072281633692526,0.00903077440274773,0.018682741899728718,0.4541605056558325,-0.3515359348226852,0.00525409276018921,0.01383536761534517,1.2242244270485554,2.0605105382056177
2024-06-14,18.4512,-0.0047202416938714,-0.0047202416938714265,18.52068,0.18740887192802727,61.07854630715121,1.0103492459835068,18.14528,0.3041093358038603,76.04564119335727,1.084235825052739,17.44893,0.2200138984259433,77.11736281979067,1.1100669606598603,0.0020592118369444903,0.01180564925258843,0.11365450177169922,-0.1301076668069309,0.008087543014337343,0.019157087474048696,0.5562804350963283,-0.5311128603313152,0.005221016921178056,0.013859572862211216,1.2217207655941988,2.040505354450198
2024-06-17,18.5248,0.0039809658806569,0.003980965880656988,18.54868,0.18414863827552194,58.706467661691555,1.0076149862930246,18.23438,0.262723713541651,70.16384538788805,1.050527963343125,17.54683,0.2177759666446502,78.86202830188674,1.1181881835961078,0.0015172277283978161,0.01160027383686241,0.3289922699770616,0.5303032058656522,0.004929286002824157,0.016550038322632882,0.9503739297375494,1.5480281503180007,0.005585484110536193,0.013718596411153377,1.185205352869719,2.101230622685657
2024-06-18,18.4128,-0.0060642999675112,-0.006064299967511254,18.542099999999998,0.1903248745955392,48.076248392001055,0.9982163864748967,18.28959,0.26397895668823695,63.179756505132474,1.0309114424406658,17.636779999999998,0.2215252401246336,76.0196702343072,1.1082834751832813,-0.00035704121152605394,0.011989340154508372,0.9808453403326406,0.7781463151525602,0.0030443306525734684,0.01662911120836585,1.309201735431322,2.248682248588195,0.005140619981541102,0.013954778440324942,1.1987656395519068,1.9443985842908689
2024-06-19,18.423,0.0005538090803346,0.0005538090803346224,18.470059999999997,0.10415128261309052,15.877226222053281,0.9808232888964605,18.375970000000002,0.2402412498616121,73.95186335403724,1.049193585129163,17.725905,0.22177920928989703,75.90466501961923,1.1071181755355908,-0.0038725938571078193,0.006560914107681975,-0.33794462715543716,-0.23999210062135626,0.004802185493276243,0.015133776233170384,1.6224104554414198,3.2456521751391927,0.005088020049841022,0.013970776993943173,1.2060797822097908,1.9421874569183382
2024-06-20,18.4027,-0.0011024910351301,-0.0011024910351301448,18.442899999999998,0.064294479625011,27.620303230058852,0.9926747039943901,18.462889999999998,0.23998343967895355,74.17399043275118,1.0495736732540564,17.811315,0.22279247255662457,75.07044734061289,1.1023211237233819,-0.0014704515471042432,0.0040501715181449635,0.24510086214736862,-1.2324149466496113,0.004838405624644376,0.015117535718199559,1.6202784975531181,3.2524634666085097,0.004870903455982962,0.014034606580047886,1.2363849423990934,1.9383992852498504
2024-06-21,18.1848,-0.0119113126771053,-0.011911312677105398,18.38962,0.09841033091184563,19.30875576036813,0.9855619146722164,18.455149999999996,0.1471110664520098,46.99300699300696,0.9957617373591352,17.88544,0.23024579962953193,70.4940695070364,1.0887602306269195,-0.0029086657437510377,0.006199268143626566,-0.6761882413775899,-0.31908627926979466,-0.0004247269534032736,0.00926712611755988,0.5359347752428025,0.5844240253800207,0.004251982290634182,0.014504122053260692,1.1735387049467438,1.6241419446652332
2024-06-24,17.9627,-0.0122886946523935,-0.012288694652393531,18.2772,0.09435029799195356,1.7510729613729978,0.9696568923821042,18.41294,0.15217242523579744,34.77821853588176,0.9770408163265308,17.950735,0.23650595501893873,67.21233689205224,1.0784004130445224,-0.0061625978503611414,0.005943510109798713,0.025109801881505765,-2.8000660052256063,-0.002322685060981663,0.009585961751797368,0.9173666322529078,1.083462366897105,0.003773942209594755,0.014898474775379528,1.115774976965907,1.3734787102960937
2024-06-25,18.1372,0.0096676921057482,0.009667692105748275,18.22208,0.14686934602361074,28.63565891472838,0.9850321515467501,18.382089999999998,0.1618062826398096,39.71735217652156,0.9832752348785897,18.020310000000002,0.2373845756804017,67.9358614111521,1.0830959589625995,-0.0030161994357092354,0.009251899161837312,0.31150102086742504,-1.2251110322741876,-0.001686620323617645,0.010192837724589617,0.7314094791329517,-0.03237160381903286,0.0039911784430313076,0.014953822674593673,1.0585194220178127,1.2251640539975344
2024-06-26,18.2215,0.004637137799693,0.0046371377996930205,18.18178,0.15571679488203416,35.98943123348623,0.9890625848124627,18.32592,0.12567342670261977,27.476140829256295,0.9700956173601941,18.083885000000002,0.2354612749361664,66.91229283605121,1.0750147492625368,-0.002199533691837556,0.009809236052712328,0.021697931118613466,-2.427160619847251,-0.0030360637744726877,0.007916681749153238,0.09906069833763928,-1.2246941885569171,0.003616719086486238,0.014832666115888148,1.1591980388389578,1.515563855282112
2024-06-27,18.3773,0.0085139917776242,0.008513991777624266,18.176700000000004,0.17389022158504916,48.51392464310802,0.9986197677514714,18.3098,0.12400037203362642,43.039723661485375,0.9913045823556385,18.155865,0.23548537940075198,68.44411418029011,1.0849938303311548,-0.00027623712928667374,0.010954054327141808,-0.4841889451345655,-3.183383191362154,-0.0008733443381954583,0.007811289211439621,-0.21741188329120417,-1.1523268888759723,0.004078715032276136,0.014834184554430526,1.058564719660763,1.3429324432293082
2024-06-28,18.2478,-0.0070716825170007,-0.007071682517000735,18.1893,0.15595924690663768,54.11119812059532,1.0034644318331796,18.28946,0.12657800776997974,41.52641226462257,0.9889763267429762,18.21737,0.238757169547527,65.56261228207791,1.072283563583798,0.0006916889027342589,0.009824509094663876,-0.6115214055008512,-2.2977477359176084,-0.0011084884205083893,0.007973665000223043,-0.14341931747941108,-1.3730669432154536,0.003489527296914477,0.015040287960867624,1.1224572592605626,1.307224855883818
2024-07-01,18.3897,0.0077462004526571,0.007746200452657125,18.274700000000003,0.10856361317777624,81.12244897959181,1.02377148201551,18.27595,0.13210745487647707,44.67481277098941,0.9927070737605805,18.255164999999998,0.20757596762472025,60.867189970959515,1.042866540394016,0.00469866792374439,0.0068388648071192985,-1.8552002417895181,3.4868654902251492,-0.0007319649633083755,0.008321987427162987,-0.16041379166461792,-1.5686713372443788,0.0020986605197578913,0.0130760568687763,1.2030171570872095,2.8682889355439327
2024-07-02,18.2485,-0.0077078403997156,-0.007707840399715697,18.29696,0.12697837871080445,58.52612226137578,1.006136559116071,18.259520000000002,0.13420592150019417,43.66956923788236,0.9910768595759472,18.274555,0.20632514673465022,55.71605447791992,1.0217124748750048,0.0012235614226515958,0.007998885998832547,-0.4709744588810791,-3.1544635833071606,-0.0008963190065288198,0.008454178399089768,-0.12327131421314333,-1.6908217795924056,0.0010740058230223248,0.012997262559018924,1.4307653841688421,3.5215877150193506
2024-07-03,18.1355,-0.0062115415196433,-0.006211541519643359,18.279760000000003,0.13186791163749503,43.68946287056075,0.9952803007436272,18.23077,0.1364376692204891,39.73580863977157,0.984394506866417,18.303369999999997,0.19710906471808248,58.99428785466806,1.0328204018406306,-0.0009461744412156801,0.008306897621482191,0.5949250809181836,-3.2786439708442683,-0.0015728540665266182,0.00859476529092157,0.14502056790967477,-1.8295112282738917,0.0016146657133748132,0.012416703961918617,1.6650388444652897,4.246281536396134
2024-07-04,18.0958,-0.0021914762036412,-0.0021914762036412475,18.22346,0.10200307518256534,25.10171590306024,0.9846821894402332,18.200080000000003,0.13644206737311482,39.192900908514716,0.9833230993278161,18.331485,0.1972764697836046,58.73760760791872,1.0320700373570593,-0.003087268037468783,0.006425589759449815,1.695840004402119,2.689526158978026,-0.0016817525833777284,0.008595042348494803,0.19244702978927505,-1.8163965127979245,0.0015783265206333243,0.012427249489813476,1.6697605266642654,4.244307510792824
2024-07-05,18.0977,0.0001049912278031,0.00010499122780312867,18.193440000000002,0.09694076189271901,32.853552661640165,0.991774350880654,18.19137,0.12398185708783473,46.38258991610601,0.9952102855131759,18.32326,0.13241131437452286,46.6979806495644,0.990992322940281,-0.00165193328850801,0.006106693996982419,0.9486177044319551,0.6182382548385519,-0.00048012219288687556,0.007810122879484796,-0.011777704227903559,-1.5493506639223316,-0.0004524245731450741,0.008341128776337607,0.30726733989207583,-0.34112615810615093
2024-07-08,18.0095,-0.0048854619260317,-0.004885461926031784,18.117399999999996,0.049812739265686586,0.49479166666644403,0.9793253832308302,18.19605,0.1088900760548479,52.186915887850354,1.0026053989656343,18.304495,0.13049043119113315,42.36108284144107,0.9795863974587703,-0.004178265764245792,0.003137907624283545,0.45437690456754165,-1.235000496886555,0.0002602010797492991,0.00685943003533421,0.2479397518366962,-1.835913741884171,-0.0010312419906161811,0.008220124509650577,0.5086125152417795,-0.04760914572660029
2024-07-09,17.9428,-0.0037104761878978,-0.003710476187897846,18.05626,0.038844731712646116,0.6138933764132872,0.9832479381867002,18.17661,0.09653677286711769,39.898150072749885,0.9892816972851376,18.27935,0.12977164389712034,39.788003086545075,0.9727361932591335,-0.003378792921882222,0.002446988091825851,0.5052685533793452,-0.3700819003445008,-0.001077615749615313,0.006081245080455267,0.642736240726135,-1.1839139060447148,-0.0013821180366164784,0.00817484516618603,0.6494758396563894,0.14806388471315052
2024-07-10,17.8288,-0.0063737929496853,-0.006373792949685365,17.99492,0.039599896398141925,0.6119162640899134,0.9830884177442034,18.137340000000002,0.09407882451133222,30.20465772759364,0.9784485360700272,18.231630000000003,0.10827058964715407,28.68500982669279,0.9491886366540313,-0.0034112432078906227,0.0024945589955572846,0.4309956210565058,-0.3547290184594883,-0.0021787088245531516,0.005926408887958875,1.176420025418291,0.07393084691434026,-0.002607386299512919,0.006820406059730813,0.3314203389954121,-0.7221142506395729
2024-07-11,17.8192,-0.0005385996539538,-0.0005385996539538501,17.9396,0.04427049015402348,0.6776034236801536,0.9847146851755655,18.08153,0.07413054702847685,17.00366560245935,0.9696310121726258,18.195665,0.10104723023170897,32.050706193541856,0.9611996655608598,-0.0030806678979531437,0.002788778746820944,0.1328457698471644,-2.355663524288012,-0.003083967967710963,0.004669785523583997,1.4803130560297408,2.4703234198784694,-0.0019786561529532105,0.006365377187261656,0.3422509987558189,-0.6087827629452149
2024-07-12,17.6502,-0.0095294128968339,-0.0095294128968339,17.850099999999998,0.05263942707157121,0.0,0.9752731010017849,18.02177,0.07871720128931187,16.244916403072665,0.9672508466774077,18.155615,0.10417149370351748,30.79505130910131,0.9565881893860563,-0.005007548722880549,0.00331597221876901,-0.040846033025519854,0.5115136856812642,-0.00332974100569428,0.004958717583679337,1.1895882216623361,1.889988053524463,-0.002219114713101334,0.006562187286705669,0.3497468164688566,-0.7681384868900991
2024-07-15,17.7837,0.0075351926639293,0.007535192663929366,17.80494,0.10362102831181023,27.090097402597237,0.9874621727421639,17.96117,0.07788864895220962,15.44251824817492,0.9670467707466679,18.118560000000002,0.10768201759177601,32.727357479140366,0.9599941699775436,-0.0025234178048883188,0.006527511226424595,0.9331287892798139,0.8702937841577641,-0.0033508417845670552,0.004906523692437101,1.1545007109414172,1.7705993528606132,-0.0020414033739377157,0.006783329505274325,0.35852644936789735,-0.9058103284205056
2024-07-16,17.6795,-0.0058765311571852,-0.00587653115718525,17.752280000000003,0.1062909186145555,25.174429568168904,0.9853255902088861,17.90427,0.07552701536649618,16.122886401523957,0.9688193550154808,18.081895,0.10759100264288433,32.84678362573091,0.9601744438651373,-0.0029566287987458,0.006695698506636188,1.1386193896178687,0.8477875592934557,-0.003167710860314011,0.004757754760159589,1.2076886235538555,2.1255647186344038,-0.002032014933421415,0.006777596102408691,0.3564533912081053,-0.9009043052737047
2024-07-17,17.7438,0.0036303828621895,0.0036303828621895746,17.73528,0.10970207244256007,41.15688722430279,0.9952324329175266,17.8651,0.0804219445650805,25.24333206927041,0.9784014777646053,18.047935000000003,0.10911515128357101,34.50447161890854,0.9631330402214624,-0.0009557936363708122,0.0069105809997953805,-0.051338086658818054,-1.625744512251946,-0.0021835184221307173,0.005066106315986323,0.6273339177451426,0.15480951681007785,-0.0018781862443286671,0.00687360844203617,0.29669135701588417,-1.0503665352283047
2024-07-18,17.8907,0.0082448656308204,0.008244865630820471,17.74958,0.12800227748035037,55.785725845606194,1.0040125258148513,17.844590000000004,0.09595703506661982,38.5839919848601,0.9886658782700958,18.022334999999998,0.11488843004186153,38.95694935725989,0.9721779956202079,0.0008008994205840521,0.00806338555864025,-0.5242157124101158,-2.5096983934547943,-0.0011398842386845457,0.006044725031747149,0.42788080647334775,-1.0061409819784224,-0.0014108184110311367,0.00723729081927161,0.19856118783636723,-1.3353993277426164
2024-07-19,17.997,0.0059240525794466,0.0059240525794466425,17.81894,0.09113757139768879,81.23198847262256,1.0196485025665432,17.83452,0.10230701894373813,44.97855789368702,0.9944357570298988,18.012945,0.1106325546104091,45.74458442853258,0.9896726936782368,0.0038915925158401602,0.0057411273574447105,-1.745640521464887,3.1109376445872265,-0.0005579781035201943,0.006444736416702501,0.19532446405689446,-1.6521365269256485,-0.0005190501482035346,0.006969195866831305,0.061591796865150865,-1.4340381843548988
2024-07-22,17.9107,-0.004806777719776,-0.004806777719776053,17.84434,0.10157302011962782,62.499999999999915,1.0071413710307753,17.82464,0.1022145483003384,45.063948840927196,0.9945140064965712,18.010345,0.10300002130241126,48.74444659068951,0.9971051122604061,0.0014231984390990766,0.006398498836911794,-0.3362454890141952,-2.8203799748901694,-0.0005501096828946211,0.006438911313702267,0.19353085423275915,-1.647054922410488,-0.00014495430157266068,0.006488391461917508,0.21608225235687686,-1.5945018438110388
2024-07-23,18.0987,0.0104418128686607,0.010441812868660716,17.92818,0.09342887395976056,85.4173707333557,1.023711077801974,17.84023,0.11397532163966713,56.946796185723336,1.0086887219386051,18.00842,0.10400987257897937,49.07642853715878,0.9978772908717994,0.00468686724426827,0.0058854658516744015,-1.2657456337712005,1.7763361415312329,0.0008651192227612352,0.007179770396598993,-0.10000063377264154,-1.7443192160885468,-0.00010624826342703862,0.006552006112845135,0.24041406875027613,-1.5472570575483764
2024-07-24,18.3458,0.0135605529811681,0.013560552981168143,18.048579999999998,0.11125168293340802,88.85876581461386,1.0339273436355234,17.89193,0.12216110845025356,70.59432759719567,1.0289980256663376,18.014635000000002,0.11377232887555937,52.76578701437411,1.0068216118321764,0.006672901268063984,0.0070081972852192,-1.3667642998223155,2.2732693900592835,0.002858553815846586,0.007695426496270523,-0.3375457246820822,-1.1783036815789754,0.0003399224956467175,0.00716698305441388,0.36444137080412825,-1.3505782833554927
2024-07-25,18.385,0.0021344492841168,0.0021344492841168686,18.14744,0.11422983970103537,87.05952916479222,1.027628879809063,17.948510000000002,0.12080924138060611,72.01899128269008,1.0317522672173836,18.01502,0.10988030591429328,50.180708753813654,1.0004189951733933,0.005450817998723263,0.007195803527421722,-0.5121386600345206,-0.4761966786920695,0.0031258587096536575,0.007610266875510886,-0.46854609267843844,-0.9541699080383123,2.0945370971347666e-05,0.006921808653164755,0.46299116892912134,-1.0758545299527904
2024-07-26,18.4475,0.0033937451971493,0.00339374519714933,18.237540000000003,0.11497940678508785,86.14989568287582,1.025031949769406,18.02824,0.09820842400339022,83.83264024441992,1.045172292665239,18.025005,0.10716678506188543,54.83886600436153,1.0109437850042198,0.0049447565222638015,0.007243021815406548,-0.16179423288021552,-0.9446226587231763,0.004418174519051981,0.006186549203918021,-0.4792956856913938,-0.2986823257306891,0.0005442167566788509,0.006750872906668108,0.3152527995264178,-1.0705101914338755
2024-07-29,18.6818,0.0126209279510505,0.012620927951050583,18.391759999999998,0.08434865000290118,100.0,1.0430524770109488,18.118050000000004,0.10575639699185367,85.10671565944804,1.0505013017538531,18.039610000000003,0.11276263285219167,56.77443295143556,1.0158838915262347,0.008430297656429128,0.005313465507897716,-0.4459465783200801,-2.9314289616456333,0.0049267480477641025,0.0066620268093967655,-0.42568202376335645,-0.7078264559772204,0.0007879531315985236,0.007103378183518599,0.38261722170554935,-1.07262236660018
2024-07-30,18.79,0.0057750255239385,0.005775025523938524,18.53002,0.08384241166764736,100.0,1.038196113533016,18.2291,0.0869283352350587,93.27410178473998,1.0628128623547044,18.066685,0.10939565369449764,62.75378020632156,1.0296736718086417,0.007496940187484688,0.005281575490297502,0.3650589382440307,-2.923179386421296,0.00609190371587648,0.0054759704027814,-0.5108135250331193,0.4550924255352809,0.0014620964277812349,0.006891278433023453,0.22360398305688275,-1.0887344003002561
2024-07-31,18.597,-0.0103245360374818,-0.010324536037481822,18.580260000000003,0.13241620560316406,69.71123666038937,1.0136925072768699,18.314420000000002,0.11994830383919156,80.21674458138551,1.0480844013120076,18.089760000000002,0.1140954580784051,60.47482863498122,1.0254473270656999,0.0027199223837546965,0.00834143689478023,-0.8761312935068813,1.9794688506058276,0.00469641182590934,0.007556032908155117,-0.9126780868232792,0.3797077367008238,0.0012564467018893115,0.007187338280891793,0.10575858188449974,-1.0314117850300601
2024-08-01,18.706,0.0058440506244671,0.005844050624467196,18.644460000000002,0.13399237747800433,72.70155586987276,1.017459885776448,18.39595,0.11855704133341066,79.67100953490069,1.0455711626711084,18.120269999999998,0.11443957717097585,63.42751518352261,1.0337205318361167,0.003461842651824762,0.008440726390121224,-1.265212616125321,2.6439173240169302,0.004456330325274012,0.007468391608185955,-0.8389856113444101,0.41243599557561544,0.0016582230432947338,0.007209015746137779,-0.059701233689999626,-1.0625256276696833
2024-08-02,19.0442,0.0179182652601467,0.01791826526014672,18.7638,0.16870625835982533,80.36023201383952,1.0323458463206396,18.50067,0.13662688755848276,82.60680034873587,1.0581874756903928,18.167595,0.12790865224452924,68.14261069580225,1.0522994634677334,0.00636674666442424,0.010627495339054986,-0.9943576922648203,1.5005349650048576,0.00565575159334402,0.008606684925822146,-0.5437569116115121,-0.09243871125505722,0.002548886744911913,0.008057487723154,0.06820427942438369,-0.89239375374241
2024-08-05,19.3905,0.0180206621374691,0.018020662137469164,18.905540000000002,0.18489579877560228,82.36959897688878,1.037935316725369,18.64865,0.13573426458530674,89.65591167327698,1.0826210030875398,18.236645,0.1358473463139933,74.08776948301131,1.076681751297926,0.007446693501707957,0.011647340524306772,-0.8677611672878406,0.4411791789391515,0.007938495579068542,0.008550454963880079,-0.9076568641483335,1.157636664768202,0.0036941929480869607,0.008557578443211745,-0.008048488186550434,-0.8708963040277983
2024-08-06,19.33,-0.0031249621897355,-0.0031249621897355534,19.01354,0.20013304391071127,75.78796561604588,1.028738690792975,18.77178,0.14546534952678059,85.4167865155612,1.0680325106223096,18.306005,0.13543934170408242,74.24835687316467,1.0773123481284972,0.005666695958973142,0.012607196745574086,-0.21716171834900577,-2.2013551556312208,0.006581818073228915,0.00916345569583211,-0.42497400549767544,-0.36447114127905117,0.003723468647995075,0.008531876568650027,-0.011188854638955973,-0.8500102673600827
2024-08-07,19.189,-0.0073210950326341,-0.0073210950326341685,19.13194,0.1856239679100608,79.74874371859298,1.0318330913588212,18.8561,0.15487968859722964,75.83016787158445,1.0459614734707672,18.374015,0.13641426119901878,73.55406247835427,1.0762922911244728,0.006267384159942671,0.011693210868167972,-0.03455218444566072,-2.692197660032363,0.004493653271848684,0.009756503313414187,0.011413795473488884,-0.9326132136061973,0.0036761035438476358,0.0085932907241717,-0.021862940379448213,-0.8674974749927467
2024-08-08,19.09,-0.005172560449949,-0.005172560449949082,19.20874,0.20288103914375608,69.49238578680206,1.0205281727787876,18.9266,0.16216835352107742,70.83333333333337,1.0383464781071525,18.437554999999996,0.13927489824912065,71.34506852996516,1.07131633294424,0.004064061945059416,0.01278030417392236,0.5473866616146231,-3.2427441669365886,0.0037629522984420883,0.010215646046228013,0.16272770516341406,-1.3178578250723538,0.003444405504047874,0.008773493920023771,0.01399542642019592,-1.0133479693699943
2024-08-09,18.8368,-0.0133522343958609,-0.013352234395860904,19.16726,0.18936037278302875,38.47777777777777,0.9891095451633568,18.96553,0.1836071605362278,60.338875019918206,1.0211031305054885,18.496885,0.14455880495635126,69.38255472067954,1.067228699958074,-0.0021900379861421087,0.011928582251294713,1.645310363166227,3.3071583555322497,0.0020883543391410657,0.011566163945465988,0.2092496494135248,-1.511658375808781,0.003253264429096523,0.009106348755695161,-0.11537129368910676,-0.8399539628552029
2024-08-12,19.032,0.0103093696588612,0.010309369658861287,19.09556,0.13862597114739944,26.064895179596746,0.9815115649415952,19.000549999999997,0.1802299302647013,59.49772184855722,1.0187455170272672,18.5593,0.14597712126283316,69.98751080795469,1.0701934917930465,-0.003732296481863684,0.008732615355019862,1.144582730819613,2.2336439779270556,0.001857198509922136,0.011353418435497933,0.23943737244255084,-1.3695841396649198,0.0033919732788431196,0.009195694284918465,-0.14180891951972158,-0.9129962653720581
2024-08-13,19.0387,0.0003519767206364,0.0003519767206364634,19.0373,0.14174808789107882,29.046180405696944,0.984930160372478,19.02542,0.17898083236861942,57.13793697261927,1.0132357637040978,18.62726,0.14236148288186523,72.46463043765701,1.0768800022625074,-0.0030369086997892804,0.00892929022330287,0.719977652389701,0.5610543423329813,0.00131489362959193,0.01127473266415968,0.4188537959467214,-1.1895665480505404,0.0037033986727342053,0.008967930475709386,-0.20641371316760154,-0.6918435039110917
2024-08-14,18.8478,-0.0100775535138491,-0.010077553513849149,18.96906,0.1482006063241318,27.10067114093947,0.9822189796237427,19.0505,0.1785348435591604,57.206896551724114,1.0134860461364734,18.68246,0.15053563246635382,67.51380163715973,1.0622189159030195,-0.003588200396032276,0.00933576067815807,0.7872032748128834,-0.03327354991790562,0.0013395918819551972,0.011246638009937148,0.4233594229624711,-1.1844613512840354,0.003018001853932269,0.009482853499042689,-0.11269832746133655,-1.02282541331941
2024-08-15,18.6513,-0.0104803474530728,-0.01048034745307287,18.88132,0.15634228173473566,23.96439169139454,0.9770193818753273,19.04503,0.1856672090769173,48.5034199726402,0.9970758045546884,18.72049,0.1564695490303528,61.8791778596864,1.0425137082394764,-0.004649757796657035,0.009848638020821582,1.0709946433922501,-0.23273970715007763,-0.0002928479257988093,0.011695934805641843,0.7523084900380801,-0.989556151887366,0.0020817411997376017,0.00985665510687479,0.05835530148143063,-1.1820390658272693
2024-08-16,18.6228,-0.0015292122709286,-0.0015292122709286528,18.83852,0.13610264127520205,32.68047911945612,0.9886392593221779,19.00289,0.1554673308092202,36.118065621293965,0.9778725281187974,18.75178,0.15627862928247702,60.017287744909765,1.034772462077013,-0.002285153371670584,0.008573660514124273,0.6564901658714257,-0.27164513979810084,-0.0022375956789063467,0.009793521293243018,1.143631852449119,0.8245069373893108,0.001709077957218837,0.009844628293225969,0.17845179651488288,-1.1492931502167296
2024-08-19,18.7357,0.006044158288133,0.006044158288133006,18.77926,0.11257131525158363,22.334267040149285,0.9844314838167297,18.93741,0.11915452419827777,24.50949859856739,0.9662308862587351,18.793029999999998,0.15501959802486495,63.094406704336315,1.0460618512955944,-0.0031381956458162398,0.007091326307503398,0.1062564232783058,-1.8265173322442614,-0.0034352460638399627,0.007506029490877878,0.6002589004659371,-0.3306097136109451,0.00225162475761429,0.009765316778928387,0.019927944261495557,-1.1131189840624682
2024-08-20,18.9448,0.0110986927680996,0.011098692768099659,18.76048,0.15237810664194412,43.6373492343137,0.9950679405631688,18.89889,0.13979707035834532,36.559665038381034,0.9800724262803933,18.835334999999997,0.15549669881569617,63.33995522341001,1.046749214031947,-0.0009888524363236013,0.00959891846251104,0.23931042732317107,-2.2968864473133728,-0.002012880568056441,0.008806387671037641,0.3844899086628754,-1.3036779670607979,0.0022844687525862373,0.009795371303758188,0.0174706387109319,-1.1303755129796824
2024-08-21,19.2535,0.016163374849014,0.01616337484901405,18.84162,0.16695313051820135,73.70573799228711,1.0215250586275322,18.905340000000002,0.16266695833574848,52.01474354969699,1.0033613007452185,18.88072,0.1582501883533504,64.03847938383498,1.0494772645510144,0.004259333236249038,0.010517058665592117,-0.4956505982775024,-0.7863628050601056,0.00033556642010838073,0.01024705519723085,0.1623504417780014,-1.3973726225244458,0.0024146098459785327,0.009968824840764171,0.04623259558975154,-1.1449400568639088
2024-08-22,19.4235,0.0087908108061785,0.008790810806178533,18.99606,0.10392490179281119,96.56295224312619,1.041401939811166,18.93869,0.16452007403166546,59.97487587485799,1.0174698795180723,18.932645,0.15984969373781102,65.43687011326817,1.0564862659776992,0.00811356488809932,0.006546653456442596,-0.530066544729635,0.8076588645759237,0.0017319035457211422,0.01036379051346958,-0.2554455193387356,-1.4467486565988128,0.0027474279220816157,0.010069584209049685,-0.05050755121224615,-1.228478403036274
2024-08-23,19.0708,-0.0183253037545279,-0.018325303754527938,19.08566,0.2131331626630658,69.42084272585384,1.0240565328522024,18.962089999999996,0.17858022429558454,56.60569105691054,1.0124224921430391,18.963810000000002,0.1764176847017113,58.52924272694927,1.0337877761214256,0.004754346591379462,0.013426127251122594,-1.8052012568524343,3.6394266520025886,0.0012345966098544388,0.011249496727625034,-0.4861949011769456,-0.9137953323921657,0.0016614754744977527,0.011113269537965053,-0.10946490752135897,-1.1794542604767508
2024-08-26,19.382,0.0161864308720188,0.016186430872018834,19.21492,0.22860109428964795,73.90693201154095,1.0344956420096394,18.99709,0.18907127890611886,59.27299703264099,1.0183900798654897,18.998820000000002,0.17977742390246168,59.38404631714382,1.0374803284480083,0.0067828011081566275,0.014400515355419908,-1.9649556201350347,4.014821393418036,0.0018223027311701934,0.011910371048821972,-0.3815357523886605,-1.0549845475634936,0.0018397506205461648,0.01132491321404173,-0.08553823800721734,-1.214238136333064
2024-08-27,19.6692,0.0147091601888191,0.014709160188819174,19.3598,0.2342623079267209,75.3322142957056,1.0382374055149697,19.06014,0.19939971595463302,64.54306407713247,1.0331167569214286,19.04278,0.18508986487323664,61.24354186914935,1.0467908461947846,0.007504894592300531,0.014757138293574728,-2.016674584406244,4.102023317167465,0.003258021077988464,0.012561001426497078,-0.6057598800311903,-1.1617697761010501,0.0022864573537901976,0.011659565539360327,-0.1297666810308749,-1.3511320038038068
2024-08-28,19.6037,-0.0033356365703565,-0.003335636570356515,19.429840000000002,0.22971434071454397,64.75644699140398,1.0181889007193499,19.13573,0.18939604716329017,68.50609606815846,1.0401054765012363,19.093115,0.18037669619793065,63.30804008143193,1.0541323869441306,0.0036050923084264184,0.014470643288472446,-1.0150125579587612,-0.17161932182390535,0.003932212772337728,0.011930829526017286,-0.748556241765144,-0.527430233716195,0.002635902327146463,0.011362663820266055,-0.16988867180562275,-1.2005709016166983
2024-08-29,19.8168,0.0108117388583704,0.010811738858370478,19.5085,0.23301286436899546,65.99170529397408,1.0202486678507994,19.25228,0.17352360670577663,78.30394871047649,1.0624889417895804,19.148654999999998,0.18239914044533231,64.2908604363936,1.0593820164653054,0.0040092779188648075,0.014678430747599652,-1.0792992289574121,-0.21852536682810828,0.006061421403482063,0.010930959760534879,-1.361067481290537,1.6613365664044488,0.0028842867388416274,0.011490065832626009,-0.2165739084951479,-1.2652178199483597
2024-08-30,19.6535,-0.0082746232865332,-0.008274623286533252,19.62504,0.17635763269303825,78.00634432375284,1.0305545650942805,19.355349999999998,0.18472781411180922,73.49227332816697,1.0553461348454583,19.17912,0.1773929959331802,58.208271588306644,1.0319939929217294,0.006019414012463744,0.011109486616996511,-0.5840909832017632,-2.557737461960022,0.0053868803019216024,0.011636758485152743,-1.131627932692587,0.3439882983202663,0.0015746423115076285,0.011174708370568739,-0.04352593864097839,-1.300870824036597
2024-09-02,19.798,0.0073254829949572,0.007325482994957243,19.70824,0.1539739452580581,73.80952380952374,1.021463213290682,19.46158,0.18496729693522335,73.86869186177137,1.0566992426223731,19.199495000000002,0.16805877763035026,55.805339487705496,1.0210154457079497,0.004247224437051426,0.009699446846102255,-0.4302495026761303,-2.0941143038097714,0.0055150127726040265,0.01165184448501049,-1.1678631061224098,0.3992463819046727,0.0010398833543820323,0.010586707886938374,-0.0925216139247785,-1.2191279702085758
2024-09-03,19.8335,0.0017915047118953,0.0017915047118953781,19.7411,0.12284099238047799,63.20951921530799,1.0083531612876986,19.55045,0.18299068631079268,71.65764975386261,1.046909970018158,19.22467,0.16734740517245522,57.22443825867367,1.02604759441283,0.0016636933416666673,0.0077382551581696435,-0.14341714498921565,-1.5816826290459087,0.004584293966983598,0.01152732971950926,-0.9230772740011908,0.05229100792139972,0.0012857066994635788,0.010541895634244777,-0.16782302213868705,-1.166325779414427
2024-09-04,19.846,0.0006300482825388,0.0006300482825388125,19.78956,0.11569134046650585,71.29548251010726,1.0123599116493316,19.609699999999997,0.17173730484890726,66.8755340358872,1.030773625574571,19.25752,0.16427548499759576,59.78785531255588,1.0342383657303664,0.0024568303122457324,0.0072878694218589946,-0.5852062841933334,0.2899109083954852,0.0030309613103360745,0.010818433320540373,-0.7512172832421327,0.1171068598337115,0.001683263865222228,0.010348382852575248,-0.2719095564385643,-0.9789013724780025
2024-09-05,20.0028,0.0078697882628558,0.00786978826285582,19.82676,0.10355508777368926,68.142801404604,1.009385975535909,19.66763,0.17093273919124605,66.6245767089479,1.0298246968877907,19.303160000000002,0.1635782766432691,63.36848271821911,1.0478156102671556,0.0018684401931428007,0.006523357362967788,-1.000828778842645,0.8155505058215837,0.002938859056003803,0.010767750448073831,-0.7384524828008515,0.1520707214601314,0.002335381300862473,0.010304462854538465,-0.45676940529680427,-0.8299130538603793
2024-09-06,20.0172,0.0007196402109673,0.0007196402109673893,19.8995,0.05749740099053823,100.0,1.0185056096878418,19.76227,0.12521861833045406,83.70370370370372,1.0496256056379387,19.362180000000002,0.15296104228323498,68.5878054925674,1.0626645714771086,0.0036672928926429287,0.0036219958107981667,0.5519663808350053,-3.1775738905351623,0.004843353452553335,0.00788803151470227,-0.08559816781950763,-0.8328899574745964,0.0030389750312038873,0.009635639956254171,-0.5504027583025954,-0.3485381389422541
2024-09-09,19.8798,-0.0068877631502237,-0.006887763150223783,19.915860000000002,0.0832840720882929,61.4694335389794,1.0041317304778261,19.81205,0.12016502874183432,70.23248252316694,1.0256836239810132,19.40457,0.15429464695982678,63.597870019888376,1.044546027742749,0.0008246436636067238,0.00524640340281902,-0.3121088709804584,1.903540112928822,0.0025359340503290735,0.007569685293757675,0.10128113554033992,-0.9661695433958936,0.002179118390749634,0.009719649154385949,-0.32733103939769087,-0.609071256758225
2024-09-10,20.0583,0.0089388923643033,0.008938892364303314,19.960820000000002,0.10189040733495892,72.49799839871893,1.0113343585348022,19.85096,0.10651336861552223,67.347302719572,1.0197821975474346,19.45555,0.15594779787530338,65.49920953423327,1.053554076696413,0.002254121194088311,0.006418492352175542,-0.4665982286516567,-0.643398842509343,0.0019589072678774877,0.006709711539533903,-0.23991226358538534,-1.2757180265328256,0.0026084641729329765,0.009823787873481421,-0.44338195374687034,-0.6352327246014585
2024-09-11,19.839,-0.0109933358193175,-0.010993335819317558,19.95942,0.13989059782503363,49.504530011324924,0.9996472840874735,19.87449,0.1228547926415396,59.22528032619772,1.0120028361992888,19.50511,0.15696641576873452,64.93850976609596,1.052589692165664,-7.055562628296327e-05,0.008812279347647431,-0.23597802340518526,-2.4121053082368165,0.0011931373429813837,0.0077391244929029,-0.39054442256261396,-1.3024021465344993,0.002562675057659556,0.009887954769362833,-0.4480924227413836,-0.6573759644113513
2024-09-12,19.5887,-0.0126968279940866,-0.012696827994086628,19.8766,0.14251772568470358,24.115514439304746,0.9792978982942387,19.85168,0.1278962643958165,41.31047619047611,0.9884895644099955,19.55198,0.15958452967000872,63.90223645963103,1.0502592312600194,-0.004183878877671453,0.008977772847148766,0.8207018815119602,-0.748149562484457,-0.001157719342264327,0.008056707362035596,-0.16548329031900155,-1.5916940512378817,0.0024518510306088684,0.010052880442858372,-0.4664556543061029,-0.6894941627292391
2024-09-13,19.2483,-0.0175301242207735,-0.017530124220773505,19.72282,0.16069138802604863,15.853983479882757,0.9615880342905102,19.81116,0.14901323218557078,36.39903329752948,0.9793828071335894,19.583255,0.1743070084657313,58.49102706811825,1.0335878600425283,-0.007833831764019632,0.010122605965397786,1.4707581653698818,2.553159296973688,-0.002083269435688352,0.009386951295736813,-0.4099582231584146,-1.2694183036561684,0.0016518054331166256,0.01098030943276084,-0.46428272912783775,-0.9569196470451603
2024-09-17,19.267,0.0009710427528484,0.0009710427528484058,19.60026,0.17283308190098673,19.579030976965768,0.9691747401885331,19.75806,0.1409765939232664,30.532336119665658,0.9731791090009092,19.60982,0.1735399939941104,57.40157699701873,1.0283576274171766,-0.006262070583405194,0.010887460786544508,0.6740770097897438,-1.3752936880944933,-0.0027187134598992357,0.008880690671473868,-0.37482489930199836,-1.0081475129349688,0.0013981496563523956,0.010931992062668067,-0.39691518170416806,-0.9627852296943448
2024-09-18,19.3033,0.0018822778519992,0.0018822778519992027,19.44926,0.13735100523310315,6.358381502890154,0.9623597214120838,19.705039999999997,0.1410586206140151,30.57306170306309,0.9732674515340207,19.627745,0.1697493378505746,55.24690454585369,1.0189233985051307,-0.007673393485866016,0.008652300051702906,0.2557084330109517,-2.6204650630299526,-0.0027096361458888536,0.008885857867297457,-0.3768833830453231,-1.0122794779899884,0.0009373289105473728,0.010693203170726284,-0.32401414461966815,-0.8580436654798493
2024-09-19,19.2773,-0.0013478278687243,-0.0013478278687243362,19.33692,0.13971208017729428,8.188179246687483,0.9716870810020667,19.64817,0.1400935747912694,29.366519120528224,0.9713443515066008,19.628935,0.16001848082630096,50.379754914475384,1.0012361388838393,-0.0057442918957473724,0.008801033792872321,-0.6978648936962123,-2.2869248456158666,-0.002907423761015168,0.00882506569466015,-0.3076817911018762,-0.9732723087179284,6.176877466045347e-05,0.010080216796208328,-0.2987137054692106,-0.7102038231859872
2024-09-20,19.3725,0.0049262967740701,0.00492629677407011,19.293680000000002,0.1404785381728143,29.074719318621575,0.9889630246009179,19.585140000000003,0.13441755352406162,26.06152677554104,0.9684894114823924,19.626385,0.15779500275432456,49.1663397410749,0.9973743146188894,-0.0022196669421160244,0.008849316108265727,-1.877034002627793,3.8106144453665607,-0.0032017729098937388,0.008467509963485257,-0.3942986591689442,-0.8809573522097962,-0.00013145692694496768,0.00994015084325464,-0.2794636207967561,-0.6161199940671143
2024-09-23,19.415,0.0021914285276624,0.002191428527662444,19.327019999999997,0.03593859820545469,88.11156835848195,1.0086605050835658,19.52492,0.13581557123430665,27.606723189052445,0.9699158723497792,19.643594999999998,0.1424828504264423,56.26136942443428,1.0180485349329866,0.0017246436075711653,0.0022639188885691733,0.12539775449142745,1.2580722350939009,-0.0030545940782242334,0.008555576801336978,-0.4253476978632195,-0.9538312203955961,0.0008943796871645513,0.008975575912380468,-0.2742289649079447,-0.3143689142987634
2024-09-24,19.3562,-0.0030331815925699,-0.0030331815925699807,19.34486,0.04979862392153908,67.23338485316899,1.0046296776872374,19.47256,0.13413750857468745,29.32069510268562,0.973661706858218,19.642305,0.13099405719015048,49.48321448601874,0.9986688680218759,0.0009237987384874879,0.003137018441181536,-0.08964682267195657,-1.1350482638088373,-0.0026691359224588532,0.008449868789867074,-0.5997417930263592,-0.6430269777072551,-6.660093606488922e-05,0.008251849965535966,-0.3413409232193279,-0.18195321195058595
2024-09-25,19.587,0.0118532992815455,0.011853299281545585,19.4016,0.09324654877043585,81.29274211339099,1.0146969689120513,19.42543,0.14177948778463345,32.12470606083586,0.9765034923198875,19.638195,0.12705456772246648,48.315435691450105,0.9958208773107193,0.0029180030243967643,0.005873980444324498,0.889583972356444,0.37501203551307566,-0.0023776952307346263,0.008931268230672858,-0.33814560310240666,-0.41809261466939823,-0.00020939398142856861,0.008003685455439535,-0.48938046962212867,-0.2752722071661883
2024-09-26,19.629,0.0021419836831052,0.00214198368310527,19.47194,0.08621469954583548,87.4707010441086,1.018244256197704,19.40443,0.13458035219666722,40.79754601227002,0.9894147890518676,19.63946,0.12675437356584762,50.52352770765222,1.0012905726980112,0.003615965334762686,0.005431015579915094,0.6791903261030651,1.4403137922277764,-0.0010641632804923432,0.008477765315901586,-0.8147299515667709,0.7848011600613997,6.448703124452054e-05,0.007984775001071719,-0.6022443756151767,-0.15301624119319893
2024-09-27,19.6697,0.0020713160766862,0.002071316076686258,19.531380000000002,0.08586278693967045,85.82449373191935,1.0153413343657247,19.412529999999997,0.11826893998106038,54.34829289242001,1.0041350370366589,19.632105,0.12057149209007677,46.722224698070264,0.9925770053691816,0.0030449691952859153,0.00540884716945935,1.2022336832065357,2.787929723676804,0.0004126511265849453,0.0074502429288835674,-1.4155790319371835,4.259036415605673,-0.00037253410783969046,0.007595290077960346,-0.6723065341572527,0.08917263141945063
2024-09-30,19.644,-0.0013074324553995,-0.0013074324553995777,19.577180000000002,0.09146422983234162,78.76884422110571,1.0117950038629926,19.452099999999998,0.06571973931547669,82.08204961893964,1.0205576596374744,19.631629999999998,0.116998695627473,49.77448606561262,0.9995166255374359,0.002345196998673511,0.005761704904629307,1.4273450591146084,2.421037931302384,0.002034920303122338,0.004139954439446323,1.4939741751436217,3.298400874289256,-2.4174566283006733e-05,0.007370225055934135,-0.8215173298345565,0.631109633396925
2024-10-02,19.3885,-0.0130918413784762,-0.013091841378476276,19.583639999999995,0.1424131916801194,52.71565495207664,1.001668715966977,19.46425,0.10070045325755256,57.11775043936742,1.006306119271293,19.611155000000004,0.12231382850071276,40.76579623866866,0.9793160925345996,0.0003334650414922518,0.008971187823823066,-0.5102912732129306,1.672911855989388,0.0006286318899898696,0.006343532291213528,-0.6208724382310549,2.6534459154706442,-0.0010450407849546828,0.007705046955168816,-0.610678364430097,-0.05481429510768605
2024-10-03,19.4678,0.0040817118509615,0.004081711850961531,19.559800000000003,0.10975018214459521,36.552346570397106,0.9939143309337827,19.480700000000002,0.10206319602598558,59.174567763524905,1.0085218589567586,19.592869999999998,0.12328455923218821,41.91322807483078,0.9815614994831976,-0.0012208524446245589,0.006913611626158105,-1.828352877814962,3.4319885296053485,0.0008485752898861026,0.006429377016599849,-0.7041859756785904,2.4428621656507556,-0.0009305304280013751,0.007766197243394813,-0.6315454528650134,-0.10661371065270273
2024-10-04,19.2127,-0.0131902999495566,-0.01319029994955662,19.47654,0.13189588885391135,18.284321194575426,0.9787915838809924,19.474239999999998,0.12412757811774743,47.13041933191191,0.9966489083014738,19.561205,0.13051281679877846,37.35271797739343,0.9680892875138568,-0.004287309171156937,0.008308660020458701,-0.37664256135991814,-3.039716934322019,-0.0003356719181971257,0.007819302441531015,-0.619438048679259,0.16611771512777349,-0.0016215478396061466,0.008221534670383354,-0.4457643064201946,-0.6924652770913418
2024-10-07,19.3388,0.0065419218303879,0.0065419218303879615,19.410359999999997,0.1482755072393469,27.69313738708358,0.9831771709787135,19.470869999999998,0.1262913712030048,48.54301772589711,0.9982604206994451,19.528005,0.1293116192321584,36.57501010917902,0.966804647349371,-0.003393188020416596,0.009340478992315935,-0.22766777460216017,-2.91818735290094,-0.00017410941256534054,0.007955608593726066,-0.614761588305672,0.01893927678391297,-0.0016879411612295396,0.008145866336175433,-0.4647806705427027,-0.6647539182533477
2024-10-08,19.3532,0.0007443399495942,0.000744339949594272,19.3522,0.15078798000794355,30.093099671413,0.9851964976583182,19.464689999999997,0.12574014825386842,47.261609358383616,0.9968168941540048,19.494805000000003,0.12931774814787292,36.57501010917911,0.966828527466379,-0.0029828335394178262,0.00949874989997138,-0.4026238551255461,-3.053707510795494,-0.0003188182703721578,0.00792088481181258,-0.557846754923058,0.026174875532391745,-0.0016867061742981953,0.008146252421575125,-0.4651729882523451,-0.6649275757272956
2024-10-09,19.4175,0.0033169408317563,0.0033169408317563127,19.358,0.12412365142225815,52.68916913946589,1.001495732006086,19.47082,0.12594246645814383,52.70306023458857,1.003166943924944,19.47169,0.12894689844382196,40.36834868119503,0.9767452388857031,0.00029892290262869165,0.007819055082965803,-1.8560733966471012,3.6766082770900446,0.00031619397206047154,0.007933629660722434,-0.8370975612048907,0.3503860749699998,-0.0011764709751991905,0.00812289108608225,-0.6498493126066233,-0.46427772007377954
2024-10-10,19.5113,0.0048190635996641,0.004819063599664101,19.3667,0.12564046998996695,53.92811992053444,1.002234458952732,19.46325,0.11208812847001617,46.20323001304034,0.9961351917087864,19.44434,0.1254420828071811,38.18676572218375,0.9727294935263706,0.0004463932523692055,0.007914605671398248,-1.8507104418787947,3.5940088824431697,-0.00038722959612767685,0.00706088840129337,-1.3823377823594216,0.6330414935694709,-0.0013824624134311512,0.007902108453566007,-0.7160638382875384,-0.3738117820623463
2024-10-11,19.3983,-0.0058083515476597,-0.005808351547659799,19.40382,0.0764731783723426,72.54616132167139,1.0096602767960774,19.440179999999998,0.1141513584429266,39.19842681899034,0.9882469815069539,19.422305,0.12146024006716627,40.02444655710982,0.9777861787388478,0.0019227829327485696,0.004817357427140517,-1.2603630249901212,1.524957017450846,-0.0011822631192041837,0.007190859672861359,-0.9577995523072568,-0.45968264128668324,-0.0011232131998482632,0.0076512759380934535,-0.7972283536289115,0.014400494156100596
2024-10-14,19.342,-0.0029065360688982,-0.002906536068898276,19.404459999999997,0.06963054661353185,50.46811000585132,1.0001654704531822,19.407410000000002,0.11290702772725668,34.87771112136585,0.9833398577507537,19.409969999999998,0.11381838820301497,43.87810809469447,0.987406004482176,3.3091352891322174e-05,0.004386312142687999,-0.39167619923446845,-1.6507687008951493,-0.0016800483337626373,0.0071124742056617955,-0.7421612973482389,-0.6788869504213787,-0.0006336986035888456,0.0071698845193187,-0.9517160045101158,0.8617241024589737
2024-10-15,19.62,0.0142705568424456,0.014270556842445622,19.457819999999998,0.12361920142698848,72.0350181698051,1.0137858338672674,19.405009999999997,0.1385223208355613,49.10166192543804,0.9987782529016495,19.428555,0.10697538275383786,59.518565941101215,1.019310796278113,0.002738334731461592,0.007787277720195535,0.6518009903389596,0.17721581434465014,-0.00012224940397811724,0.00872608599910467,-0.23097327999349418,-0.4056852697314862,0.0009563354495721107,0.006738815694585783,-0.3936735448398769,0.9700055281225938
2024-10-16,19.8925,0.0137933221323357,0.01379332213233577,19.55282,0.14689149400011417,79.19124877089475,1.024462469421913,19.45541,0.13370369683589894,68.62803075103488,1.0259947907264615,19.45983,0.11627687461153388,64.17531614014419,1.0324648362485078,0.004833610991577484,0.009253294353215202,-0.057458493028757364,-2.7502470767082294,0.002566266947103087,0.008422541218994337,-0.36553554857033715,0.10180170000974544,0.0015974494185464789,0.0073247546059513995,-0.2843106063195103,0.4325052850488147
2024-10-17,19.9313,0.0019485841269243,0.0019485841269243052,19.63682,0.14831605104452283,77.68257316108628,1.021525987504677,19.501759999999997,0.13345529865604508,67.65983387944834,1.0238085453929051,19.491229999999998,0.11627926702246388,64.21586381745752,1.0325332974154677,0.004259515097029524,0.009343033011975452,0.23962869183772842,-2.8743550259555057,0.0023529541746993648,0.008406893604470184,-0.27327556077969645,0.08356081222484539,0.001600764732292734,0.007324905313674129,-0.2857987490291003,0.4328161220315634
2024-10-18,19.8325,-0.0049693542024561,-0.004969354202456128,19.723660000000002,0.14480613697143818,79.16442772702842,1.0223834047313425,19.56374,0.11116536473115236,76.80795847750859,1.0322599114127633,19.51899,0.11819213768271745,62.16690042075739,1.0288007137929067,0.004427314566070259,0.009121929208151934,0.29419442550241426,-2.97934232933018,0.0031750487494094136,0.007002759749581423,0.4446592260016219,-0.6797675259252257,0.0014196884156061444,0.007445404838847054,-0.22761254145655854,0.19165425428756558
2024-10-21,20.0075,0.0087851970650433,0.008785197065043375,19.85676,0.13059250994918575,88.55289074267174,1.0344069899700135,19.630609999999997,0.11361122283942884,77.74919080421611,1.0345781537634187,19.55074,0.12048217415389685,63.44541373761336,1.0327784230223256,0.006765661192858589,0.008226554866982708,-0.7108257684010905,-1.141264302822858,0.0033993762728749552,0.0071568343280731,0.35140972404807624,-0.9939674016301377,0.0016126334301548076,0.00758966357684726,-0.2519562995071792,0.003095711897796475
2024-10-22,19.8985,-0.0054628512540197,-0.005462851254019734,19.91246,0.13423968536740663,70.06195072756063,1.0141946992864423,19.68514,0.12166077502538611,70.98114659484403,1.0281762189198684,19.574914999999997,0.1230310717275844,59.95716462786772,1.0249034251867113,0.0028189795735655172,0.00845630532280272,0.3396672771932727,-2.0950207903055578,0.002778657152513555,0.007663908453060702,0.3816495700089219,-1.291280932763885,0.0012299194410706987,0.007750229031546145,-0.11639579489875912,-0.2797705177730698
2024-10-23,19.9338,0.0017724313806275,0.0017724313806275044,19.92072,0.09317237563908429,54.519588531407585,1.0020761593565415,19.73677,0.12171647998896198,70.31877213695391,1.026589416763229,19.603794999999998,0.12200077157414811,62.01131259357845,1.029840567880059,0.00041480142322386444,0.005869307976240709,0.48105185774601156,-0.6776212686530295,0.0026242062074006743,0.007667417535927694,0.45631445521653774,-1.2438024604077194,0.0014702000897305729,0.007685326222457,-0.21361958522509927,-0.1501514534479678
2024-10-24,19.8385,-0.0047922892258448,-0.004792289225844852,19.902160000000002,0.09832862047777415,40.96221269964949,0.995344006662887,19.76949,0.12633874689584662,62.86163522012574,1.0167697693131672,19.61637,0.11743391203146805,55.54233328925911,1.0128401490784704,-0.0009333732473299671,0.0061941208701010355,1.2651638741451503,0.3918737020492505,0.0016630709248497786,0.007958592981855802,0.7480521830779059,-1.1137242809895416,0.0006379206643610512,0.0073976411123976285,-0.06001446036868466,0.027504348797399016
2024-10-25,19.9303,0.004616692635981,0.004616692635981091,19.92172,0.09708276010836507,59.65639810426522,1.0049312996344384,19.82269,0.11974313761698097,71.266389510713,1.02742508364135,19.631435,0.11818046582127628,56.497175141242884,1.0153497376330938,0.0009838361203574767,0.0061156390437732385,0.11403600840742587,-1.9959081472905698,0.002705575343213868,0.00754310865097893,0.49996215380167497,-1.2073368175539894,0.0007616561120048421,0.00744466958068728,-0.10584696355525575,-0.0495790493110642
2024-10-28,20.0007,0.0035260861456971,0.00352608614569711,19.92036,0.07516303581979421,49.15380786460903,0.9996601274522053,19.88856,0.11558342123204422,76.03763143331471,1.0340554234308759,19.647985,0.1185066578683341,57.04735138817917,1.0168279129829128,-6.79860635117763e-05,0.004734826203900365,-0.41995788416760416,-3.0129033453012126,0.0033488375646734065,0.00728107114909552,0.28744686462144137,-1.0602965662936101,0.0008343946154553847,0.007465217748214948,-0.13480144839157038,-0.08084376009175204
2024-10-29,20.0208,0.0010044601871482,0.001004460187148208,19.94482,0.057977097372799706,69.54298497922665,1.0061461919240144,19.92864,0.09839053541350798,69.90069513406141,1.0204281345565749,19.666825,0.11823630307147508,58.04165955267206,1.0191814294441053,0.0012254762247218122,0.0036522138425191487,-1.4248897712409199,2.34018995958248,0.0020222278991436646,0.0061980211444437085,0.5147983370349911,-0.04639781223566634,0.000949989247582774,0.007448186996828225,-0.18607410925403006,-0.037312275239426325
2024-10-30,20.1617,0.0070130319161532,0.007013031916153283,19.9904,0.07146108825692046,77.22819593787304,1.011432842709368,19.95556,0.07981077588834244,65.37582819282605,1.0135327384692725,19.705485,0.10762989555376806,67.35032761870563,1.0398793099001986,0.002273596331826968,0.004501625427282136,-1.0666708316055278,1.2304557802519593,0.001344198877525416,0.005027606308182482,-0.1729991119872664,-1.1317277487254174,0.001955232912314252,0.006780046125503019,-0.18340265142486933,0.230636358094951
2024-10-31,20.0378,-0.0061642752935779,-0.006164275293577914,20.030260000000002,0.08014386268380537,72.28807872959085,1.0100461224386925,19.96621,0.08805567251074896,55.54398750650701,1.005343354422441,19.733985,0.11103600102479115,62.53959873284053,1.0292791173116633,0.0019991991182803552,0.005048588804034727,-1.2870584607917586,1.8639480235411494,0.0005329129354751942,0.005546985975999721,0.0793476447578157,-1.6220858927025692,0.00144293355508728,0.006994610602064533,-0.01555575043813027,-0.13037657421538595
2024-11-01,20.0908,0.0026415090891583,0.0026415090891583554,20.06236,0.07725440422196189,69.65466568699514,1.0080530649312855,19.99204,0.08287584294291543,64.11938340439488,1.0130240766418759,19.77789,0.09665282699615564,71.20297483942622,1.0457041436133392,0.001604162408915808,0.004866570029899274,-1.0938324706212503,2.056887436919297,0.0012939992646366426,0.0052206873838524185,-0.2840669662904847,-1.1310318618119644,0.0022345240070230287,0.006088555803408996,0.35277593456555423,-0.37819460576010405
2024-11-04,20.0367,-0.0026964068421072,-0.0026964068421072643,20.069560000000003,0.0800802591752178,54.59183673469401,1.001799937002205,19.99496,0.07330646222432646,51.83925422020655,1.0014594527052356,19.812784999999998,0.09675521563374087,67.45884825136332,1.0360880716487062,0.0003596638113549334,0.005044582159600588,0.0015030181247649244,-0.4998743200881641,0.00014583887392157882,0.0046178730604647285,-0.13927782284609574,-1.4426841758585824,0.001772607573398267,0.006095005681316835,0.5531808537710252,-0.21882412701047185
2024-11-05,20.2695,0.0115517011658335,0.011551701165833584,20.1193,0.11347450774101223,70.5639159914006,1.0124220810357227,20.032059999999998,0.08558660836424474,70.21578029642541,1.0186446214538785,19.8586,0.1026569853426439,70.66438139912489,1.0473461753095095,0.0024691120070920087,0.007148222086385526,0.07044896145294745,-1.5372397033613627,0.0018472941159069106,0.00539144955450648,0.15678252589491498,-0.17065161914433194,0.002312975634210233,0.006466782227624728,0.38639582599816014,-0.7584222284604979
2024-11-06,20.3093,0.0019616160538175,0.001961616053817501,20.14882,0.10616215837731859,64.65448768864178,1.0073208112411156,20.06961,0.08558724402081731,70.36113219824298,1.0188373516339082,19.903190000000002,0.10259389512489112,70.33658670072052,1.0459276425904467,0.0014588288346248522,0.006687587374100889,0.7176755450688479,0.7826583752403403,0.0018662125832259104,0.0053914895971067245,0.143622106166244,-0.17408830429635966,0.0022452093953132923,0.006462807917473899,0.4218337383941003,-0.7306669585474399
2024-11-07,19.8277,-0.0239989592930885,-0.023998959293088522,20.1068,0.21078862451932823,37.80332056194126,0.9895148169958777,20.06853,0.15421760017804173,49.587282176704385,0.9994556040023187,19.91901,0.1379202267775375,56.13083242908077,1.0162162439201898,-0.0021081079652772693,0.013278435230464626,-1.3823262359557795,2.6650518040979336,-5.445442349845675e-05,0.009714795663340207,-1.7998778729952558,4.273952702125572,0.0008043082506756611,0.008688157638547512,-0.8815645808113192,2.3845508565993367
2024-11-08,20.1332,0.0152902438093318,0.015290243809331897,20.11528,0.24508166463031267,51.90339378703525,1.0021104186991059,20.088820000000002,0.17159837770737676,56.66513369686615,1.0101804789692077,19.955755,0.14467202216592087,63.251469580583446,1.0378847630977972,0.00042163897875743887,0.015438693702703381,-1.123729724689743,1.2403499356806016,0.0010129006938366237,0.010809681733234497,-1.2920229880823504,2.8449921548330894,0.0018592380185252458,0.009113480769520253,-0.8942820224948241,2.1957422499898107
2024-11-11,20.4502,0.0156224686579131,0.015622468657913178,20.19798,0.2641615207678692,65.01779617926924,1.020637130864863,20.133770000000002,0.1866433894238346,62.707072991462645,1.0224742134025309,20.011165,0.15137195560420413,68.26542721518982,1.0572950056871058,0.004085414078761528,0.01664061166439062,-1.7001448831586448,2.738011284379764,0.0022225389450582305,0.011757428387372603,-1.1263016883009151,1.9171114426494162,0.0027856882548658187,0.009535536904719859,-0.9224997203663183,1.9198577075545158
2024-11-12,20.5693,0.0058070105527577,0.005807010552757731,20.25794,0.2569829818824386,61.868566904196285,1.0147906953797576,20.18862,0.1873216122802264,64.68383573379015,1.0273965076320626,20.05863,0.1457312503817393,66.51128813441395,1.0483843017329255,0.0029364759561463566,0.016188406219922617,-1.5314045374950502,2.4771136444191804,0.002702793981619183,0.01180015241145576,-1.2627815066326862,2.1323474513126754,0.002362510940381424,0.00918020587525164,-0.9924689474525099,2.3957360128067946
